config_id,config_name,joint_angles,simulated_position,measured_position,error_magnitude,x_error,y_error,z_error
1,配置 1,"[0, 0, 0, 0, 0, 40]",[  2.57115044 -10.06417777  22.        ],[  1.98660008 -12.28127458  21.28740627],2.401042942151317,-0.5845503560183827,-2.21709681179924,-0.7125937260761415
2,配置 2,"[90, 90, 90, 90, 90, 90]",[-4.00000000e+00  1.65327318e-15  4.50000000e+01],[-4.58734568  1.80726433 47.02543931],2.7773339187572836,-0.5873456791551774,1.8072643290885497,2.0254393089553555
3,配置 3,"[0, 45, 45, 45, 45, 0]",[ 1.78879280e-15 -7.77817459e+00  3.54350288e+01],[ 0.1212573  -9.62144552 31.93672625],3.9560677568831544,0.1212572951493715,-1.843270926363547,-3.498302596609739
