Metric,Value (cm)
Mean Error,0.8701507072583619
Median Error,0.8673807715104209
Max Error,1.601270418959258
Min Error,0.3518906104551676
Std Dev,0.3055037656776803
Mean X Error,0.4024173557630794
Mean Y Error,0.30324784307839414
Mean Z Error,0.6111850130390024
